{"Fid":"fFc4tH4WSv62QIltK0F42T","Status":3,"AuthToken":"eyJhbGciOiJFUzI1NiIsInR5cCI6IkpXVCJ9.eyJhcHBJZCI6IjE6ODUzOTA1MjcwNzU3OmFuZHJvaWQ6NjlmM2Q1NTgwOTMzM2VkZCIsImV4cCI6MTc2OTk4OTk1MiwiZmlkIjoiZkZjNHRINFdTdjYyUUlsdEswRjQyVCIsInByb2plY3ROdW1iZXIiOjg1MzkwNTI3MDc1N30.AB2LPV8wRQIgMjatg_eGvoC-6zPa5tcLBvZITU5TPYbhgWGGoFbIapgCIQDEo8S05J8VGEOOa7oqSFiyH-IONro1gcFF1tiJmhZ-FA","RefreshToken":"3_AS3qfwJcZxfJlZ2zPonTnlJhoBscJfqYUTkSJipBC0oUtTxmUzM6tI0pO81CgVa0ljPYNigATRHQ2bLQUELATJhubxABzrLcQM31_FOzuu4jEd0","TokenCreationEpochInSecs":1769385152,"ExpiresInSecs":604800}