<?xml version='1.0' encoding='utf-8' standalone='yes' ?>
<map>
    <int name="AF_CACHE_VERSION" value="1" />
    <string name="prev_event_name">home_screen_opened</string>
    <boolean name="didSendRevenueTriggerOnLastBackground" value="false" />
    <long name="prev_event_timestamp" value="1770215828278" />
    <int name="appsFlyerInAppEventCount" value="4" />
    <string name="gcd">{&quot;retries&quot;:0,&quot;net&quot;:2728}</string>
    <long name="prev_session_dur" value="87" />
    <boolean name="ddl_sent" value="true" />
    <long name="af_rc_max_age" value="86400" />
    <string name="sentSuccessfully">true</string>
    <int name="versionCode" value="261" />
    <string name="af_remote_config">eyJmZWF0dXJlcyI6e30sInZlciI6ImRlZmF1bHQudjEuMTYzNzE0OTUyOSJ9</string>
    <string name="savedProperties">{&quot;onelinkVersion&quot;:&quot;3&quot;,&quot;waitForCustomerId&quot;:&quot;false&quot;,&quot;logLevel&quot;:&quot;0&quot;,&quot;oneLinkSlug&quot;:&quot;tlS1&quot;,&quot;onelinkDomain&quot;:&quot;viralo.onelink.me&quot;,&quot;AppUserId&quot;:&quot;cmdogpm5m0fxno0j9v2ml96mh&quot;,&quot;onelinkScheme&quot;:&quot;viralo:\/\/&quot;}</string>
    <string name="AF_INSTALLATION">1770215746937-8123737868628658383</string>
    <boolean name="afUninstallToken_queued" value="false" />
    <int name="appsFlyerCount" value="1" />
    <long name="AppsFlyerTimePassedSincePrevLaunch" value="1770215748798" />
    <long name="af_rc_timestamp" value="1770215747386" />
    <string name="first_launch">{&quot;from_fg&quot;:1913,&quot;net&quot;:2214,&quot;start_with&quot;:&quot;activity&quot;,&quot;init_to_fg&quot;:44}</string>
    <string name="appsFlyerFirstInstall">2026-02-04_200547+0530</string>
    <string name="attributionId">{&quot;install_time&quot;:&quot;2026-02-04 14:35:52.643&quot;,&quot;af_message&quot;:&quot;organic install&quot;,&quot;af_status&quot;:&quot;Organic&quot;,&quot;is_first_launch&quot;:false}</string>
</map>
