<?xml version='1.0' encoding='utf-8' standalone='yes' ?>
<map>
    <long name="last_upload" value="1770215766129" />
    <long name="first_open_time" value="1770215742860" />
    <string name="gmp_app_id">1:1016786445882:android:261e15b806ebc08bee7703</string>
    <string name="app_instance_id">3131e4beee6f7b874b0a61c5628bc98c</string>
    <long name="session_id" value="1770215743" />
    <boolean name="app_backgrounded" value="true" />
    <long name="health_monitor:start" value="1770215742958" />
    <boolean name="deferred_analytics_collection" value="false" />
    <string name="previous_os_version">10</string>
    <boolean name="has_been_opened" value="true" />
    <string name="health_monitor:value">2WC114010:Service invalid</string>
    <boolean name="allow_remote_dynamite" value="true" />
    <long name="last_pause_time" value="1770215833292" />
    <long name="midnight_offset" value="30585719" />
    <boolean name="start_new_session" value="false" />
    <long name="health_monitor:count" value="2" />
    <long name="last_upload_attempt" value="0" />
</map>
