<?xml version='1.0' encoding='utf-8' standalone='yes' ?>
<map>
    <long name="fire-count" value="1" />
    <string name="last-used-date">2026-02-04</string>
    <long name="fire-global" value="1770215743050" />
    <set name="fire-installations/18.0.0 fire-transport/18.2.0 android-min-sdk/24 android-installer/ kotlin/2.1.0 device-brand/realme fire-android/29 react-native-firebase/21.7.4 fire-core/21.0.0 fire-core-ktx/21.0.0 fire-analytics/22.2.0 android-platform/ fire-fcm/24.1.0 device-name/RMX3660 android-target-sdk/36 device-model/RE588BL1">
        <string>2026-02-04</string>
    </set>
</map>
