{"Fid":"dqHAnQzGTWWf8V1QB9WyOr","Status":3,"AuthToken":"eyJhbGciOiJFUzI1NiIsInR5cCI6IkpXVCJ9.eyJhcHBJZCI6IjE6MTAxNjc4NjQ0NTg4MjphbmRyb2lkOjI2MWUxNWI4MDZlYmMwOGJlZTc3MDMiLCJleHAiOjE3NzA4MjA1NDcsImZpZCI6ImRxSEFuUXpHVFdXZjhWMVFCOVd5T3IiLCJwcm9qZWN0TnVtYmVyIjoxMDE2Nzg2NDQ1ODgyfQ.AB2LPV8wRAIgPHhwCLd_xBiEtGGMjlGUpGDhdmocdXBrOvLMyqMli1sCIFcV4-m0uKuBqBb9ZidhorHLey_gMiRsmI1PCQgLanf9","RefreshToken":"3_AS3qfwLoMOJz6uh1l7ZTb1shMh_NOh_TbNpWxcqR86X7kGtMdftGMC3h6oj8ztwi9WXK87hPH3Aq2l2NgT2EgNVL54mAOYALrkvBqYTm1un0rag","TokenCreationEpochInSecs":1770215746,"ExpiresInSecs":604800}