<?xml version='1.0' encoding='utf-8' standalone='yes' ?>
<map>
    <string name="locationCallingCode">+86</string>
    <string name="subsProductid">1000011</string>
    <int name="com.facebook.appevents.SessionInfo.interruptionCount" value="2" />
    <string name="uuid">1769385217569</string>
    <string name="com.facebook.appevents.SessionInfo.sessionId">8da82750-0074-4c1a-877e-026d7776218a</string>
    <string name="encryptedPassword">c8945753cb582d6c7ef4ef6d471c7dfcbb396733</string>
    <string name="paymentType"></string>
    <long name="com.facebook.appevents.SessionInfo.sessionEndTime" value="1769385232769" />
    <string name="subsStatus">basic</string>
    <boolean name="appLaunchedFirstTime" value="false" />
    <boolean name="isSubtitleEnabled" value="false" />
    <boolean name="isHD" value="false" />
    <boolean name="candownload" value="false" />
    <long name="com.facebook.appevents.SessionInfo.sessionStartTime" value="1769385151053" />
    <string name="apiCountryStr">China</string>
    <string name="apiCallingCode">+86</string>
    <string name="locationCountryStr">China</string>
    <string name="apicountryCode">CN</string>
    <string name="locationCountryCode">CN</string>
    <boolean name="firebaseuser" value="true" />
    <string name="locationCurrency">Yuan Renminbi</string>
    <string name="subsPlanId"></string>
    <boolean name="isAvod" value="false" />
    <boolean name="freshLoggedIn" value="true" />
    <boolean name="loggedIn" value="true" />
    <boolean name="isPremium" value="false" />
    <string name="uniqueId">509b55b0-a756-41e7-ba00-78c18009543f</string>
    <boolean name="is_freetrial" value="false" />
    <string name="subsPlanDetails">Eros Now Basic</string>
</map>
