<?xml version='1.0' encoding='utf-8' standalone='yes' ?>
<map>
    <long name="last_upload" value="1769385236754" />
    <long name="first_open_time" value="1769385150479" />
    <string name="gmp_app_id">1:853905270757:android:69f3d55809333edd</string>
    <string name="app_instance_id">cd040fc6c61b2fafaaa43e80a4e198b8</string>
    <long name="session_id" value="1769385150" />
    <boolean name="app_backgrounded" value="false" />
    <long name="health_monitor:start" value="1769385150590" />
    <boolean name="deferred_analytics_collection" value="false" />
    <long name="last_delete_stale" value="510427909" />
    <string name="previous_os_version">9</string>
    <boolean name="has_been_opened" value="true" />
    <string name="health_monitor:value">2WC77000:Callable skipped the worker queue.</string>
    <boolean name="allow_remote_dynamite" value="true" />
    <long name="last_pause_time" value="1769385233238" />
    <long name="midnight_offset" value="49685977" />
    <boolean name="start_new_session" value="false" />
    <long name="health_monitor:count" value="11" />
    <long name="last_upload_attempt" value="0" />
</map>
