<?xml version='1.0' encoding='utf-8' standalone='yes' ?>
<map>
    <set name="fire-cls/19.2.1 fire-installations/18.0.0 fire-analytics/21.2.2 device-name/lime_in device-brand/Redmi fire-fcm/23.1.2 android-installer/com.android.secex fire-android/28 fire-auth/21.3.0 fire-abt/21.0.0 kotlin/2.1.20 fire-core/21.0.0 device-model/lime fire-core-ktx/21.0.0 fire-rc/21.0.1 android-platform/ android-min-sdk/21 fire-rtdb/20.2.0 android-target-sdk/35 fire-transport/19.0.0 fire-sessions/2.0.6">
        <string>2026-01-25</string>
    </set>
    <long name="fire-count" value="1" />
    <string name="last-used-date">2026-01-25</string>
    <long name="fire-global" value="1769385150539" />
</map>
